symbol,trade_date,open,high,low,close,volume,amount
000001.SZ,2025-06-02,12.00,12.50,11.90,12.30,1000000,12000000
000001.SZ,2025-06-03,12.30,12.80,12.10,12.60,1100000,13500000
000001.SZ,2025-06-04,12.60,13.00,12.40,12.90,1200000,15000000
000001.SZ,2025-06-05,12.90,13.20,12.70,13.00,1150000,14000000
000001.SZ,2025-06-06,13.00,13.10,12.60,12.80,1050000,13000000
000001.SZ,2025-06-09,12.80,13.00,12.50,12.70,1080000,13200000
000001.SZ,2025-06-10,12.70,13.10,12.60,13.00,1120000,13800000
000001.SZ,2025-06-11,13.00,13.30,12.80,13.10,1150000,14200000
000001.SZ,2025-06-12,13.10,13.40,12.90,13.20,1180000,14500000
000001.SZ,2025-06-13,13.20,13.50,13.00,13.30,1200000,14800000
000001.SZ,2025-06-16,13.30,13.60,13.10,13.40,1220000,15000000
000001.SZ,2025-06-17,13.40,13.70,13.20,13.50,1250000,15200000
000001.SZ,2025-06-18,13.50,13.80,13.30,13.60,1280000,15500000
000001.SZ,2025-06-19,13.60,13.90,13.40,13.70,1300000,15800000
000001.SZ,2025-06-20,13.70,14.00,13.50,13.80,1320000,16000000
000001.SZ,2025-06-23,13.80,14.10,13.60,13.90,1350000,16200000
000001.SZ,2025-06-24,13.90,14.20,13.70,14.00,1380000,16500000
000001.SZ,2025-06-25,14.00,14.30,13.80,14.10,1400000,16800000
000001.SZ,2025-06-26,14.10,14.40,13.90,14.20,1420000,17000000
000001.SZ,2025-06-27,14.20,14.50,14.00,14.30,1450000,17200000
000001.SZ,2025-06-30,14.30,14.60,14.10,14.40,1480000,17500000
000001.SZ,2025-07-01,14.40,14.70,14.20,14.50,1500000,17800000
000001.SZ,2025-07-02,14.50,14.80,14.30,14.60,1520000,18000000
000001.SZ,2025-07-03,14.60,14.90,14.40,14.70,1550000,18200000
000001.SZ,2025-07-04,14.70,15.00,14.50,14.80,1580000,18500000
000001.SZ,2025-07-07,14.80,15.10,14.60,14.90,1600000,18800000
000001.SZ,2025-07-08,14.90,15.20,14.70,15.00,1620000,19000000
000001.SZ,2025-07-09,15.00,15.30,14.80,15.10,1650000,19200000
000001.SZ,2025-07-10,15.10,15.40,14.90,15.20,1680000,19500000
000001.SZ,2025-07-11,15.20,15.50,15.00,15.30,1700000,19800000
000001.SZ,2025-07-14,15.30,15.60,15.10,15.40,1720000,20000000
000001.SZ,2025-07-15,15.40,15.70,15.20,15.50,1750000,20200000
000001.SZ,2025-07-16,15.50,15.80,15.30,15.60,1780000,20500000
000001.SZ,2025-07-17,15.60,15.90,15.40,15.70,1800000,20800000
000001.SZ,2025-07-18,15.70,16.00,15.50,15.80,1820000,21000000
000001.SZ,2025-07-21,15.80,16.10,15.60,15.90,1850000,21200000
000001.SZ,2025-07-22,15.90,16.20,15.70,16.00,1880000,21500000
000001.SZ,2025-07-23,16.00,16.30,15.80,16.10,1900000,21800000
000001.SZ,2025-07-24,16.10,16.40,15.90,16.20,1920000,22000000
000001.SZ,2025-07-25,16.20,16.50,16.00,16.30,1950000,22200000
000001.SZ,2025-07-28,16.30,16.60,16.10,16.40,1980000,22500000
000001.SZ,2025-07-29,16.40,16.70,16.20,16.50,2000000,22800000
000001.SZ,2025-07-30,16.50,16.80,16.30,16.60,2020000,23000000
000001.SZ,2025-07-31,16.60,16.90,16.40,16.70,2050000,23200000
000001.SZ,2025-08-01,16.70,17.00,16.50,16.80,2080000,23500000
000001.SZ,2025-08-04,16.80,17.10,16.60,16.90,2100000,23800000
000001.SZ,2025-08-05,16.90,17.20,16.70,17.00,2120000,24000000
000001.SZ,2025-08-06,17.00,17.30,16.80,17.10,2150000,24200000
000001.SZ,2025-08-07,17.10,17.40,16.90,17.20,2180000,24500000
000001.SZ,2025-08-08,17.20,17.50,17.00,17.30,2200000,24800000
000001.SZ,2025-08-11,17.30,17.60,17.10,17.40,2220000,25000000
000001.SZ,2025-08-12,17.40,17.70,17.20,17.50,2250000,25200000
000001.SZ,2025-08-13,17.50,17.80,17.30,17.60,2280000,25500000
000001.SZ,2025-08-14,17.60,17.90,17.40,17.70,2300000,25800000
000001.SZ,2025-08-15,17.70,18.00,17.50,17.80,2320000,26000000
000001.SZ,2025-08-18,17.80,18.10,17.60,17.90,2350000,26200000
000001.SZ,2025-08-19,17.90,18.20,17.70,18.00,2380000,26500000
000001.SZ,2025-08-20,18.00,18.30,17.80,18.10,2400000,26800000
000001.SZ,2025-08-21,18.10,18.40,17.90,18.20,2420000,27000000
000001.SZ,2025-08-22,18.20,18.50,18.00,18.30,2450000,27200000
000001.SZ,2025-08-25,18.30,18.60,18.10,18.40,2480000,27500000
000001.SZ,2025-08-26,18.40,18.70,18.20,18.50,2500000,27800000
000001.SZ,2025-08-27,18.50,18.80,18.30,18.60,2520000,28000000
000001.SZ,2025-08-28,18.60,18.90,18.40,18.70,2550000,28200000
000001.SZ,2025-08-29,18.70,19.00,18.50,18.80,2580000,28500000
000001.SZ,2025-09-01,18.80,19.10,18.60,18.90,2600000,28800000
000001.SZ,2025-09-02,18.90,19.20,18.70,19.00,2620000,29000000
000001.SZ,2025-09-03,19.00,19.30,18.80,19.10,2650000,29200000
000001.SZ,2025-09-04,19.10,19.40,18.90,19.20,2680000,29500000
000001.SZ,2025-09-05,19.20,19.50,19.00,19.30,2700000,29800000
000001.SZ,2025-09-08,19.30,19.60,19.10,19.40,2720000,30000000
000001.SZ,2025-09-09,19.40,19.70,19.20,19.50,2750000,30200000
000001.SZ,2025-09-10,19.50,19.80,19.30,19.60,2780000,30500000
000001.SZ,2025-09-11,19.60,19.90,19.40,19.70,2800000,30800000
000001.SZ,2025-09-12,19.70,20.00,19.50,19.80,2820000,31000000
000001.SZ,2025-09-15,19.80,20.10,19.60,19.90,2850000,31200000
000001.SZ,2025-09-16,19.90,20.20,19.70,20.00,2880000,31500000
000001.SZ,2025-09-17,20.00,20.30,19.80,20.10,2900000,31800000
000001.SZ,2025-09-18,20.10,20.40,19.90,20.20,2920000,32000000
000001.SZ,2025-09-19,20.20,20.50,20.00,20.30,2950000,32200000
000001.SZ,2025-09-22,20.30,20.60,20.10,20.40,2980000,32500000
000001.SZ,2025-09-23,20.40,20.70,20.20,20.50,3000000,32800000
000001.SZ,2025-09-24,20.50,20.80,20.30,20.60,3020000,33000000
000001.SZ,2025-09-25,20.60,20.90,20.40,20.70,3050000,33200000
000001.SZ,2025-09-26,20.70,21.00,20.50,20.80,3080000,33500000
000001.SZ,2025-09-29,20.80,21.10,20.60,20.90,3100000,33800000
000001.SZ,2025-09-30,20.90,21.20,20.70,21.00,3120000,34000000
000001.SZ,2025-10-01,21.00,21.30,20.80,21.10,3150000,34200000
000001.SZ,2025-10-02,21.10,21.40,20.90,21.20,3180000,34500000
000001.SZ,2025-10-03,21.20,21.50,21.00,21.30,3200000,34800000
000001.SZ,2025-10-06,21.30,21.60,21.10,21.40,3220000,35000000
000001.SZ,2025-10-07,21.40,21.70,21.20,21.50,3250000,35200000
000001.SZ,2025-10-08,21.50,21.80,21.30,21.60,3280000,35500000
000001.SZ,2025-10-09,21.60,21.90,21.40,21.70,3300000,35800000
000001.SZ,2025-10-10,21.70,22.00,21.50,21.80,3320000,36000000
000001.SZ,2025-10-13,21.80,22.10,21.60,21.90,3350000,36200000
000001.SZ,2025-10-14,21.90,22.20,21.70,22.00,3380000,36500000
000001.SZ,2025-10-15,22.00,22.30,21.80,22.10,3400000,36800000
000001.SZ,2025-10-16,22.10,22.40,21.90,22.20,3420000,37000000
000001.SZ,2025-10-17,22.20,22.50,22.00,22.30,3450000,37200000
000001.SZ,2025-10-20,22.30,22.60,22.10,22.40,3480000,37500000
000001.SZ,2025-10-21,22.40,22.70,22.20,22.50,3500000,37800000
000001.SZ,2025-10-22,22.50,22.80,22.30,22.60,3520000,38000000
000001.SZ,2025-10-23,22.60,22.90,22.40,22.70,3550000,38200000
000001.SZ,2025-10-24,22.70,23.00,22.50,22.80,3580000,38500000
000001.SZ,2025-10-27,22.80,23.10,22.60,22.90,3600000,38800000
000001.SZ,2025-10-28,22.90,23.20,22.70,23.00,3620000,39000000
000001.SZ,2025-10-29,23.00,23.30,22.80,23.10,3650000,39200000
000001.SZ,2025-10-30,23.10,23.40,22.90,23.20,3680000,39500000
000001.SZ,2025-10-31,23.20,23.50,23.00,23.30,3700000,39800000
000001.SZ,2025-11-03,23.30,23.60,23.10,23.40,3720000,40000000
000001.SZ,2025-11-04,23.40,23.70,23.20,23.50,3750000,40200000
000001.SZ,2025-11-05,23.50,23.80,23.30,23.60,3780000,40500000
000001.SZ,2025-11-06,23.60,23.90,23.40,23.70,3800000,40800000
000001.SZ,2025-11-07,23.70,24.00,23.50,23.80,3820000,41000000
000001.SZ,2025-11-10,23.80,24.10,23.60,23.90,3850000,41200000
000001.SZ,2025-11-11,23.90,24.20,23.70,24.00,3880000,41500000
000001.SZ,2025-11-12,24.00,24.30,23.80,24.10,3900000,41800000
000001.SZ,2025-11-13,24.10,24.40,23.90,24.20,3920000,42000000
000001.SZ,2025-11-14,24.20,24.50,24.00,24.30,3950000,42200000
000001.SZ,2025-11-17,24.30,24.60,24.10,24.40,3980000,42500000
000001.SZ,2025-11-18,24.40,24.70,24.20,24.50,4000000,42800000
000001.SZ,2025-11-19,24.50,24.80,24.30,24.60,4020000,43000000
000001.SZ,2025-11-20,24.60,24.90,24.40,24.70,4050000,43200000
000001.SZ,2025-11-21,24.70,25.00,24.50,24.80,4080000,43500000
000001.SZ,2025-11-24,24.80,25.10,24.60,24.90,4100000,43800000
000001.SZ,2025-11-25,24.90,25.20,24.70,25.00,4120000,44000000
000001.SZ,2025-11-26,25.00,25.30,24.80,25.10,4150000,44200000
000001.SZ,2025-11-27,25.10,25.40,24.90,25.20,4180000,44500000
000001.SZ,2025-11-28,25.20,25.50,25.00,25.30,4200000,44800000
000001.SZ,2025-12-01,25.30,25.60,25.10,25.40,4220000,45000000
000001.SZ,2025-12-02,25.40,25.70,25.20,25.50,4250000,45200000
000001.SZ,2025-12-03,25.50,25.80,25.30,25.60,4280000,45500000
000001.SZ,2025-12-04,25.60,25.90,25.40,25.70,4300000,45800000
000001.SZ,2025-12-05,25.70,26.00,25.50,25.80,4320000,46000000
000001.SZ,2025-12-08,25.80,26.10,25.60,25.90,4350000,46200000
000001.SZ,2025-12-09,25.90,26.20,25.70,26.00,4380000,46500000
000001.SZ,2025-12-10,26.00,26.30,25.80,26.10,4400000,46800000
000001.SZ,2025-12-11,26.10,26.40,25.90,26.20,4420000,47000000
000001.SZ,2025-12-12,26.20,26.50,26.00,26.30,4450000,47200000
000001.SZ,2025-12-15,26.30,26.60,26.10,26.40,4480000,47500000
000001.SZ,2025-12-16,26.40,26.70,26.20,26.50,4500000,47800000
000001.SZ,2025-12-17,26.50,26.80,26.30,26.60,4520000,48000000
000001.SZ,2025-12-18,26.60,26.90,26.40,26.70,4550000,48200000
000001.SZ,2025-12-19,26.70,27.00,26.50,26.80,4580000,48500000
000001.SZ,2025-12-22,26.80,27.10,26.60,26.90,4600000,48800000
000001.SZ,2025-12-23,26.90,27.20,26.70,27.00,4620000,49000000
000001.SZ,2025-12-24,27.00,27.30,26.80,27.10,4650000,49200000
000001.SZ,2025-12-25,27.10,27.40,26.90,27.20,4680000,49500000
000001.SZ,2025-12-26,27.20,27.50,27.00,27.30,4700000,49800000
000001.SZ,2025-12-29,27.30,27.60,27.10,27.40,4720000,50000000
000001.SZ,2025-12-30,27.40,27.70,27.20,27.50,4750000,50200000
000001.SZ,2025-12-31,27.50,27.80,27.30,27.60,4780000,50500000
000001.SZ,2026-01-02,27.60,27.90,27.40,27.70,4800000,50800000
000001.SZ,2026-01-05,27.70,28.00,27.50,27.80,4820000,51000000
000001.SZ,2026-01-06,27.80,28.10,27.60,27.90,4850000,51200000
000001.SZ,2026-01-07,27.90,28.20,27.70,28.00,4880000,51500000
000001.SZ,2026-01-08,28.00,28.30,27.80,28.10,4900000,51800000
000001.SZ,2026-01-09,28.10,28.40,27.90,28.20,4920000,52000000
000001.SZ,2026-01-12,28.20,28.50,28.00,28.30,4950000,52200000
000001.SZ,2026-01-13,28.30,28.60,28.10,28.40,4980000,52500000
000001.SZ,2026-01-14,28.40,28.70,28.20,28.50,5000000,52800000
000001.SZ,2026-01-15,28.50,28.80,28.30,28.60,5020000,53000000
000001.SZ,2026-01-16,28.60,28.90,28.40,28.70,5050000,53200000
000001.SZ,2026-01-19,28.70,29.00,28.50,28.80,5080000,53500000
000001.SZ,2026-01-20,28.80,29.10,28.60,28.90,5100000,53800000
000001.SZ,2026-01-21,28.90,29.20,28.70,29.00,5120000,54000000
000001.SZ,2026-01-22,29.00,29.30,28.80,29.10,5150000,54200000
000001.SZ,2026-01-23,29.10,29.40,28.90,29.20,5180000,54500000
000001.SZ,2026-01-26,29.20,29.50,29.00,29.30,5200000,54800000
000001.SZ,2026-01-27,29.30,29.60,29.10,29.40,5220000,55000000
000001.SZ,2026-01-28,29.40,29.70,29.20,29.50,5250000,55200000
000001.SZ,2026-01-29,29.50,29.80,29.30,29.60,5280000,55500000
000001.SZ,2026-01-30,29.60,29.90,29.40,29.70,5300000,55800000
000001.SZ,2026-02-02,29.70,30.00,29.50,29.80,5320000,56000000
000001.SZ,2026-02-03,29.80,30.10,29.60,29.90,5350000,56200000
000001.SZ,2026-02-04,29.90,30.20,29.70,30.00,5380000,56500000
000001.SZ,2026-02-05,30.00,30.30,29.80,30.10,5400000,56800000
000001.SZ,2026-02-06,30.10,30.40,29.90,30.20,5420000,57000000
000001.SZ,2026-02-09,30.20,30.50,30.00,30.30,5450000,57200000
000001.SZ,2026-02-10,30.30,30.60,30.10,30.40,5480000,57500000
000001.SZ,2026-02-11,30.40,30.70,30.20,30.50,5500000,57800000
000001.SZ,2026-02-12,30.50,30.80,30.30,30.60,5520000,58000000
000001.SZ,2026-02-13,30.60,30.90,30.40,30.70,5550000,58200000
000001.SZ,2026-02-16,30.70,31.00,30.50,30.80,5580000,58500000
000001.SZ,2026-02-17,30.80,31.10,30.60,30.90,5600000,58800000
000001.SZ,2026-02-18,30.90,31.20,30.70,31.00,5620000,59000000
000001.SZ,2026-02-19,31.00,31.30,30.80,31.10,5650000,59200000
000001.SZ,2026-02-20,31.10,31.40,30.90,31.20,5680000,59500000
000001.SZ,2026-02-23,31.20,31.50,31.00,31.30,5700000,59800000
000001.SZ,2026-02-24,31.30,31.60,31.10,31.40,5720000,60000000
000001.SZ,2026-02-25,31.40,31.70,31.20,31.50,5750000,60200000
000001.SZ,2026-02-26,31.50,31.80,31.30,31.60,5780000,60500000
000001.SZ,2026-02-27,31.60,31.90,31.40,31.70,5800000,60800000
000001.SZ,2026-03-02,31.70,32.00,31.50,31.80,5820000,61000000
000001.SZ,2026-03-03,31.80,32.10,31.60,31.90,5850000,61200000
000001.SZ,2026-03-04,31.90,32.20,31.70,32.00,5880000,61500000
000001.SZ,2026-03-05,32.00,32.30,31.80,32.10,5900000,61800000
000001.SZ,2026-03-06,32.10,32.40,31.90,32.20,5920000,62000000
000001.SZ,2026-03-09,32.20,32.50,32.00,32.30,5950000,62200000
000001.SZ,2026-03-10,32.30,32.60,32.10,32.40,5980000,62500000
000001.SZ,2026-03-11,32.40,32.70,32.20,32.50,6000000,62800000
000001.SZ,2026-03-12,32.50,32.80,32.30,32.60,6020000,63000000
000001.SZ,2026-03-13,32.60,32.90,32.40,32.70,6050000,63200000
000001.SZ,2026-03-16,32.70,33.00,32.50,32.80,6080000,63500000
000001.SZ,2026-03-17,32.80,33.10,32.60,32.90,6100000,63800000
000001.SZ,2026-03-18,32.90,33.20,32.70,33.00,6120000,64000000
000001.SZ,2026-03-19,33.00,33.30,32.80,33.10,6150000,64200000
000001.SZ,2026-03-20,33.10,33.40,32.90,33.20,6180000,64500000
000001.SZ,2026-03-23,33.20,33.50,33.00,33.30,6200000,64800000
000001.SZ,2026-03-24,33.30,33.60,33.10,33.40,6220000,65000000
000001.SZ,2026-03-25,33.40,33.70,33.20,33.50,6250000,65200000
000001.SZ,2026-03-26,33.50,33.80,33.30,33.60,6280000,65500000
000001.SZ,2026-03-27,33.60,33.90,33.40,33.70,6300000,65800000
000001.SZ,2026-03-30,33.70,34.00,33.50,33.80,6320000,66000000
000001.SZ,2026-03-31,33.80,34.10,33.60,33.90,6350000,66200000
000001.SZ,2026-04-01,33.90,34.20,33.70,34.00,6380000,66500000
000001.SZ,2026-04-02,34.00,34.30,33.80,34.10,6400000,66800000
000001.SZ,2026-04-03,34.10,34.40,33.90,34.20,6420000,67000000
000001.SZ,2026-04-06,34.20,34.50,34.00,34.30,6450000,67200000
000001.SZ,2026-04-07,34.30,34.60,34.10,34.40,6480000,67500000
000001.SZ,2026-04-08,34.40,34.70,34.20,34.50,6500000,67800000
000001.SZ,2026-04-09,34.50,34.80,34.30,34.60,6520000,68000000
000001.SZ,2026-04-10,34.60,34.90,34.40,34.70,6550000,68200000
000001.SZ,2026-04-13,34.70,35.00,34.50,34.80,6580000,68500000
000001.SZ,2026-04-14,34.80,35.10,34.60,34.90,6600000,68800000
000001.SZ,2026-04-15,34.90,35.20,34.70,35.00,6620000,69000000
000001.SZ,2026-04-16,35.00,35.30,34.80,35.10,6650000,69200000
000001.SZ,2026-04-17,35.10,35.40,34.90,35.20,6680000,69500000
000001.SZ,2026-04-20,35.20,35.50,35.00,35.30,6700000,69800000
000001.SZ,2026-04-21,35.30,35.60,35.10,35.40,6720000,70000000
000001.SZ,2026-04-22,35.40,35.70,35.20,35.50,6750000,70200000
000001.SZ,2026-04-23,35.50,35.80,35.30,35.60,6780000,70500000
000001.SZ,2026-04-24,35.60,35.90,35.40,35.70,6800000,70800000
000001.SZ,2026-04-27,35.70,36.00,35.50,35.80,6820000,71000000
000001.SZ,2026-04-28,35.80,36.10,35.60,35.90,6850000,71200000
000001.SZ,2026-04-29,35.90,36.20,35.70,36.00,6880000,71500000
000001.SZ,2026-04-30,36.00,36.30,35.80,36.10,6900000,71800000
000001.SZ,2026-05-04,36.10,36.40,35.90,36.20,6920000,72000000
000001.SZ,2026-05-05,36.20,36.50,36.00,36.30,6950000,72200000
000001.SZ,2026-05-06,36.30,36.60,36.10,36.40,6980000,72500000
000001.SZ,2026-05-07,36.40,36.70,36.20,36.50,7000000,72800000
000001.SZ,2026-05-08,36.50,36.80,36.30,36.60,7020000,73000000
000001.SZ,2026-05-11,36.60,36.90,36.40,36.70,7050000,73200000
000001.SZ,2026-05-12,36.70,37.00,36.50,36.80,7080000,73500000
000001.SZ,2026-05-13,36.80,37.10,36.60,36.90,7100000,73800000
000001.SZ,2026-05-14,36.90,37.20,36.70,37.00,7120000,74000000
000001.SZ,2026-05-15,37.00,37.30,36.80,37.10,7150000,74200000
000001.SZ,2026-05-18,37.10,37.40,36.90,37.20,7180000,74500000
000001.SZ,2026-05-19,37.20,37.50,37.00,37.30,7200000,74800000
000001.SZ,2026-05-20,37.30,37.60,37.10,37.40,7220000,75000000
000001.SZ,2026-05-21,37.40,37.70,37.20,37.50,7250000,75200000
000001.SZ,2026-05-22,37.50,37.80,37.30,37.60,7280000,75500000
000001.SZ,2026-05-25,37.60,37.90,37.40,37.70,7300000,75800000
000001.SZ,2026-05-26,37.70,38.00,37.50,37.80,7320000,76000000
000001.SZ,2026-05-27,37.80,38.10,37.60,37.90,7350000,76200000
000001.SZ,2026-05-28,37.90,38.20,37.70,38.00,7380000,76500000
000001.SZ,2026-05-29,38.00,38.30,37.80,38.10,7400000,76800000
000001.SZ,2026-06-01,38.10,38.40,37.90,38.20,7420000,77000000
000001.SZ,2026-06-02,38.20,38.50,38.00,38.30,7450000,77200000
000001.SZ,2026-06-03,38.30,38.60,38.10,38.40,7480000,77500000
000001.SZ,2026-06-04,38.40,38.70,38.20,38.50,7500000,77800000
000001.SZ,2026-06-05,38.50,38.80,38.30,38.60,7520000,78000000
000001.SZ,2026-06-08,38.60,38.90,38.40,38.70,7550000,78200000
000001.SZ,2026-06-09,38.70,39.00,38.50,38.80,7580000,78500000
000001.SZ,2026-06-10,38.80,39.10,38.60,38.90,7600000,78800000
000001.SZ,2026-06-11,38.90,39.20,38.70,39.00,7620000,79000000
000001.SZ,2026-06-12,39.00,39.30,38.80,39.10,7650000,79200000
000001.SZ,2026-06-15,39.10,39.40,38.90,39.20,7680000,79500000
000001.SZ,2026-06-16,39.20,39.50,39.00,39.30,7700000,79800000
000001.SZ,2026-06-17,39.30,39.60,39.10,39.40,7720000,80000000
000001.SZ,2026-06-18,39.40,39.70,39.20,39.50,7750000,80200000
000001.SZ,2026-06-19,39.50,39.80,39.30,39.60,7780000,80500000
000001.SZ,2026-06-22,39.60,39.90,39.40,39.70,7800000,80800000
000001.SZ,2026-06-23,39.70,40.00,39.50,39.80,7820000,81000000
000001.SZ,2026-06-24,39.80,40.10,39.60,39.90,7850000,81200000
000001.SZ,2026-06-25,39.90,40.20,39.70,40.00,7880000,81500000
000001.SZ,2026-06-26,40.00,40.30,39.80,40.10,7900000,81800000
000001.SZ,2026-06-29,40.10,40.40,39.90,40.20,7920000,82000000
000001.SZ,2026-06-30,40.20,40.50,39.95,40.30,7950000,82200000
000002.SZ,2025-06-02,18.00,18.50,17.80,18.20,900000,10000000
000002.SZ,2025-06-03,18.20,18.60,18.00,18.40,950000,11000000
000002.SZ,2025-06-04,18.40,18.80,18.10,18.60,920000,10500000
000002.SZ,2025-06-05,18.60,19.00,18.30,18.80,980000,11500000
000002.SZ,2025-06-06,18.80,19.10,18.50,18.90,930000,10800000
000002.SZ,2025-06-09,18.90,19.30,18.60,19.10,950000,11200000
000002.SZ,2025-06-10,19.10,19.50,18.80,19.30,980000,11800000
000002.SZ,2025-06-11,19.30,19.70,19.00,19.50,1000000,12200000
000002.SZ,2025-06-12,19.50,19.90,19.20,19.70,1020000,12500000
000002.SZ,2025-06-13,19.70,20.10,19.40,19.90,1050000,12800000
000002.SZ,2025-06-16,19.90,20.30,19.60,20.10,1080000,13200000
000002.SZ,2025-06-17,20.10,20.50,19.80,20.30,1100000,13500000
000002.SZ,2025-06-18,20.30,20.70,20.00,20.50,1120000,13800000
000002.SZ,2025-06-19,20.50,20.90,20.20,20.70,1150000,14200000
000002.SZ,2025-06-20,20.70,21.10,20.40,20.90,1180000,14500000
000002.SZ,2025-06-23,20.90,21.30,20.60,21.10,1200000,14800000
000002.SZ,2025-06-24,21.10,21.50,20.80,21.30,1220000,15200000
000002.SZ,2025-06-25,21.30,21.70,21.00,21.50,1250000,15500000
000002.SZ,2025-06-26,21.50,21.90,21.20,21.70,1280000,15800000
000002.SZ,2025-06-27,21.70,22.10,21.40,21.90,1300000,16200000
000002.SZ,2025-06-30,21.90,22.30,21.60,22.10,1320000,16500000
000002.SZ,2025-07-01,22.10,22.50,21.80,22.30,1350000,16800000
000002.SZ,2025-07-02,22.30,22.70,22.00,22.50,1380000,17200000
000002.SZ,2025-07-03,22.50,22.90,22.20,22.70,1400000,17500000
000002.SZ,2025-07-04,22.70,23.10,22.40,22.90,1420000,17800000
000002.SZ,2025-07-07,22.90,23.30,22.60,23.10,1450000,18200000
000002.SZ,2025-07-08,23.10,23.50,22.80,23.30,1480000,18500000
000002.SZ,2025-07-09,23.30,23.70,23.00,23.50,1500000,18800000
000002.SZ,2025-07-10,23.50,23.90,23.20,23.70,1520000,19200000
000002.SZ,2025-07-11,23.70,24.10,23.40,23.90,1550000,19500000
000002.SZ,2025-07-14,23.90,24.30,23.60,24.10,1580000,19800000
000002.SZ,2025-07-15,24.10,24.50,23.80,24.30,1600000,20200000
000002.SZ,2025-07-16,24.30,24.70,24.00,24.50,1620000,20500000
000002.SZ,2025-07-17,24.50,24.90,24.20,24.70,1650000,20800000
000002.SZ,2025-07-18,24.70,25.10,24.40,24.90,1680000,21200000
000002.SZ,2025-07-21,24.90,25.30,24.60,25.10,1700000,21500000
000002.SZ,2025-07-22,25.10,25.50,24.80,25.30,1720000,21800000
000002.SZ,2025-07-23,25.30,25.70,25.00,25.50,1750000,22200000
000002.SZ,2025-07-24,25.50,25.90,25.20,25.70,1780000,22500000
000002.SZ,2025-07-25,25.70,26.10,25.40,25.90,1800000,22800000
000002.SZ,2025-07-28,25.90,26.30,25.60,26.10,1820000,23200000
000002.SZ,2025-07-29,26.10,26.50,25.80,26.30,1850000,23500000
000002.SZ,2025-07-30,26.30,26.70,26.00,26.50,1880000,23800000
000002.SZ,2025-07-31,26.50,26.90,26.20,26.70,1900000,24200000
000002.SZ,2025-08-01,26.70,27.10,26.40,26.90,1920000,24500000
000002.SZ,2025-08-04,26.90,27.30,26.60,27.10,1950000,24800000
000002.SZ,2025-08-05,27.10,27.50,26.80,27.30,1980000,25200000
000002.SZ,2025-08-06,27.30,27.70,27.00,27.50,2000000,25500000
000002.SZ,2025-08-07,27.50,27.90,27.20,27.70,2020000,25800000
000002.SZ,2025-08-08,27.70,28.10,27.40,27.90,2050000,26200000
000002.SZ,2025-08-11,27.90,28.30,27.60,28.10,2080000,26500000
000002.SZ,2025-08-12,28.10,28.50,27.80,28.30,2100000,26800000
000002.SZ,2025-08-13,28.30,28.70,28.00,28.50,2120000,27200000
000002.SZ,2025-08-14,28.50,28.90,28.20,28.70,2150000,27500000
000002.SZ,2025-08-15,28.70,29.10,28.40,28.90,2180000,27800000
000002.SZ,2025-08-18,28.90,29.30,28.60,29.10,2200000,28200000
000002.SZ,2025-08-19,29.10,29.50,28.80,29.30,2220000,28500000
000002.SZ,2025-08-20,29.30,29.70,29.00,29.50,2250000,28800000
000002.SZ,2025-08-21,29.50,29.90,29.20,29.70,2280000,29200000
000002.SZ,2025-08-22,29.70,30.10,29.40,29.90,2300000,29500000
000002.SZ,2025-08-25,29.90,30.30,29.60,30.10,2320000,29800000
000002.SZ,2025-08-26,30.10,30.50,29.80,30.30,2350000,30200000
000002.SZ,2025-08-27,30.30,30.70,30.00,30.50,2380000,30500000
000002.SZ,2025-08-28,30.50,30.90,30.20,30.70,2400000,30800000
000002.SZ,2025-08-29,30.70,31.10,30.40,30.90,2420000,31200000
000002.SZ,2025-09-01,30.90,31.30,30.60,31.10,2450000,31500000
000002.SZ,2025-09-02,31.10,31.50,30.80,31.30,2480000,31800000
000002.SZ,2025-09-03,31.30,31.70,31.00,31.50,2500000,32200000
000002.SZ,2025-09-04,31.50,31.90,31.20,31.70,2520000,32500000
000002.SZ,2025-09-05,31.70,32.10,31.40,31.90,2550000,32800000
000002.SZ,2025-09-08,31.90,32.30,31.60,32.10,2580000,33200000
000002.SZ,2025-09-09,32.10,32.50,31.80,32.30,2600000,33500000
000002.SZ,2025-09-10,32.30,32.70,32.00,32.50,2620000,33800000
000002.SZ,2025-09-11,32.50,32.90,32.20,32.70,2650000,34200000
000002.SZ,2025-09-12,32.70,33.10,32.40,32.90,2680000,34500000
000002.SZ,2025-09-15,32.90,33.30,32.60,33.10,2700000,34800000
000002.SZ,2025-09-16,33.10,33.50,32.80,33.30,2720000,35200000
000002.SZ,2025-09-17,33.30,33.70,33.00,33.50,2750000,35500000
000002.SZ,2025-09-18,33.50,33.90,33.20,33.70,2780000,35800000
000002.SZ,2025-09-19,33.70,34.10,33.40,33.90,2800000,36200000
000002.SZ,2025-09-22,33.90,34.30,33.60,34.10,2820000,36500000
000002.SZ,2025-09-23,34.10,34.50,33.80,34.30,2850000,36800000
000002.SZ,2025-09-24,34.30,34.70,34.00,34.50,2880000,37200000
000002.SZ,2025-09-25,34.50,34.90,34.20,34.70,2900000,37500000
000002.SZ,2025-09-26,34.70,35.10,34.40,34.90,2920000,37800000
000002.SZ,2025-09-29,34.90,35.30,34.60,35.10,2950000,38200000
000002.SZ,2025-09-30,35.10,35.50,34.80,35.30,2980000,38500000
000002.SZ,2025-10-01,35.30,35.70,35.00,35.50,3000000,38800000
000002.SZ,2025-10-02,35.50,35.90,35.20,35.70,3020000,39200000
000002.SZ,2025-10-03,35.70,36.10,35.40,35.90,3050000,39500000
000002.SZ,2025-10-06,35.90,36.30,35.60,36.10,3080000,39800000
000002.SZ,2025-10-07,36.10,36.50,35.80,36.30,3100000,40200000
000002.SZ,2025-10-08,36.30,36.70,36.00,36.50,3120000,40500000
000002.SZ,2025-10-09,36.50,36.90,36.20,36.70,3150000,40800000
000002.SZ,2025-10-10,36.70,37.10,36.40,36.90,3180000,41200000
000002.SZ,2025-10-13,36.90,37.30,36.60,37.10,3200000,41500000
000002.SZ,2025-10-14,37.10,37.50,36.80,37.30,3220000,41800000
000002.SZ,2025-10-15,37.30,37.70,37.00,37.50,3250000,42200000
000002.SZ,2025-10-16,37.50,37.90,37.20,37.70,3280000,42500000
000002.SZ,2025-10-17,37.70,38.10,37.40,37.90,3300000,42800000
000002.SZ,2025-10-20,37.90,38.30,37.60,38.10,3320000,43200000
000002.SZ,2025-10-21,38.10,38.50,37.80,38.30,3350000,43500000
000002.SZ,2025-10-22,38.30,38.70,38.00,38.50,3380000,43800000
000002.SZ,2025-10-23,38.50,38.90,38.20,38.70,3400000,44200000
000002.SZ,2025-10-24,38.70,39.10,38.40,38.90,3420000,44500000
000002.SZ,2025-10-27,38.90,39.30,38.60,39.10,3450000,44800000
000002.SZ,2025-10-28,39.10,39.50,38.80,39.30,3480000,45200000
000002.SZ,2025-10-29,39.30,39.70,39.00,39.50,3500000,45500000
000002.SZ,2025-10-30,39.50,39.90,39.20,39.70,3520000,45800000
000002.SZ,2025-10-31,39.70,40.10,39.40,39.90,3550000,46200000
000002.SZ,2025-11-03,39.90,40.30,39.60,40.10,3580000,46500000
000002.SZ,2025-11-04,40.10,40.50,39.80,40.30,3600000,46800000
000002.SZ,2025-11-05,40.30,40.70,40.00,40.50,3620000,47200000
000002.SZ,2025-11-06,40.50,40.90,40.20,40.70,3650000,47500000
000002.SZ,2025-11-07,40.70,41.10,40.40,40.90,3680000,47800000
000002.SZ,2025-11-10,40.90,41.30,40.60,41.10,3700000,48200000
000002.SZ,2025-11-11,41.10,41.50,40.80,41.30,3720000,48500000
000002.SZ,2025-11-12,41.30,41.70,41.00,41.50,3750000,48800000
000002.SZ,2025-11-13,41.50,41.90,41.20,41.70,3780000,49200000
000002.SZ,2025-11-14,41.70,42.10,41.40,41.90,3800000,49500000
000002.SZ,2025-11-17,41.90,42.30,41.60,42.10,3820000,49800000
000002.SZ,2025-11-18,42.10,42.50,41.80,42.30,3850000,50200000
000002.SZ,2025-11-19,42.30,42.70,42.00,42.50,3880000,50500000
000002.SZ,2025-11-20,42.50,42.90,42.20,42.70,3900000,50800000
000002.SZ,2025-11-21,42.70,43.10,42.40,42.90,3920000,51200000
000002.SZ,2025-11-24,42.90,43.30,42.60,43.10,3950000,51500000
000002.SZ,2025-11-25,43.10,43.50,42.80,43.30,3980000,51800000
000002.SZ,2025-11-26,43.30,43.70,43.00,43.50,4000000,52200000
000002.SZ,2025-11-27,43.50,43.90,43.20,43.70,4020000,52500000
000002.SZ,2025-11-28,43.70,44.10,43.40,43.90,4050000,52800000
000002.SZ,2025-12-01,43.90,44.30,43.60,44.10,4080000,53200000
000002.SZ,2025-12-02,44.10,44.50,43.80,44.30,4100000,53500000
000002.SZ,2025-12-03,44.30,44.70,44.00,44.50,4120000,53800000
000002.SZ,2025-12-04,44.50,44.90,44.20,44.70,4150000,54200000
000002.SZ,2025-12-05,44.70,45.10,44.40,44.90,4180000,54500000
000002.SZ,2025-12-08,44.90,45.30,44.60,45.10,4200000,54800000
000002.SZ,2025-12-09,45.10,45.50,44.80,45.30,4220000,55200000
000002.SZ,2025-12-10,45.30,45.70,45.00,45.50,4250000,55500000
000002.SZ,2025-12-11,45.50,45.90,45.20,45.70,4280000,55800000
000002.SZ,2025-12-12,45.70,46.10,45.40,45.90,4300000,56200000
000002.SZ,2025-12-15,45.90,46.30,45.60,46.10,4320000,56500000
000002.SZ,2025-12-16,46.10,46.50,45.80,46.30,4350000,56800000
000002.SZ,2025-12-17,46.30,46.70,46.00,46.50,4380000,57200000
000002.SZ,2025-12-18,46.50,46.90,46.20,46.70,4400000,57500000
000002.SZ,2025-12-19,46.70,47.10,46.40,46.90,4420000,57800000
000002.SZ,2025-12-22,46.90,47.30,46.60,47.10,4450000,58200000
000002.SZ,2025-12-23,47.10,47.50,46.80,47.30,4480000,58500000
000002.SZ,2025-12-24,47.30,47.70,47.00,47.50,4500000,58800000
000002.SZ,2025-12-25,47.50,47.90,47.20,47.70,4520000,59200000
000002.SZ,2025-12-26,47.70,48.10,47.40,47.90,4550000,59500000
000002.SZ,2025-12-29,47.90,48.30,47.60,48.10,4580000,59800000
000002.SZ,2025-12-30,48.10,48.50,47.80,48.30,4600000,60200000
000002.SZ,2025-12-31,48.30,48.70,48.00,48.50,4620000,60500000
000002.SZ,2026-01-02,48.50,48.90,48.20,48.70,4650000,60800000
000002.SZ,2026-01-05,48.70,49.10,48.40,48.90,4680000,61200000
000002.SZ,2026-01-06,48.90,49.30,48.60,49.10,4700000,61500000
000002.SZ,2026-01-07,49.10,49.50,48.80,49.30,4720000,61800000
000002.SZ,2026-01-08,49.30,49.70,49.00,49.50,4750000,62200000
000002.SZ,2026-01-09,49.50,49.90,49.20,49.70,4780000,62500000
000002.SZ,2026-01-12,49.70,50.10,49.40,49.90,4800000,62800000
000002.SZ,2026-01-13,49.90,50.30,49.60,50.10,4820000,63200000
000002.SZ,2026-01-14,50.10,50.50,49.80,50.30,4850000,63500000
000002.SZ,2026-01-15,50.30,50.70,50.00,50.50,4880000,63800000
000002.SZ,2026-01-16,50.50,50.90,50.20,50.70,4900000,64200000
000002.SZ,2026-01-19,50.70,51.10,50.40,50.90,4920000,64500000
000002.SZ,2026-01-20,50.90,51.30,50.60,51.10,4950000,64800000
000002.SZ,2026-01-21,51.10,51.50,50.80,51.30,4980000,65200000
000002.SZ,2026-01-22,51.30,51.70,51.00,51.50,5000000,65500000
000002.SZ,2026-01-23,51.50,51.90,51.20,51.70,5020000,65800000
000002.SZ,2026-01-26,51.70,52.10,51.40,51.90,5050000,66200000
000002.SZ,2026-01-27,51.90,52.30,51.60,52.10,5080000,66500000
000002.SZ,2026-01-28,52.10,52.50,51.80,52.30,5100000,66800000
000002.SZ,2026-01-29,52.30,52.70,52.00,52.50,5120000,67200000
000002.SZ,2026-01-30,52.50,52.90,52.20,52.70,5150000,67500000
000002.SZ,2026-02-02,52.70,53.10,52.40,52.90,5180000,67800000
000002.SZ,2026-02-03,52.90,53.30,52.60,53.10,5200000,68200000
000002.SZ,2026-02-04,53.10,53.50,52.80,53.30,5220000,68500000
000002.SZ,2026-02-05,53.30,53.70,53.00,53.50,5250000,68800000
000002.SZ,2026-02-06,53.50,53.90,53.20,53.70,5280000,69200000
000002.SZ,2026-02-09,53.70,54.10,53.40,53.90,5300000,69500000
000002.SZ,2026-02-10,53.90,54.30,53.60,54.10,5320000,69800000
000002.SZ,2026-02-11,54.10,54.50,53.80,54.30,5350000,70200000
000002.SZ,2026-02-12,54.30,54.70,54.00,54.50,5380000,70500000
000002.SZ,2026-02-13,54.50,54.90,54.20,54.70,5400000,70800000
000002.SZ,2026-02-16,54.70,55.10,54.40,54.90,5420000,71200000
000002.SZ,2026-02-17,54.90,55.30,54.60,55.10,5450000,71500000
000002.SZ,2026-02-18,55.10,55.50,54.80,55.30,5480000,71800000
000002.SZ,2026-02-19,55.30,55.70,55.00,55.50,5500000,72200000
000002.SZ,2026-02-20,55.50,55.90,55.20,55.70,5520000,72500000
000002.SZ,2026-02-23,55.70,56.10,55.40,55.90,5550000,72800000
000002.SZ,2026-02-24,55.90,56.30,55.60,56.10,5580000,73200000
000002.SZ,2026-02-25,56.10,56.50,55.80,56.30,5600000,73500000
000002.SZ,2026-02-26,56.30,56.70,56.00,56.50,5620000,73800000
000002.SZ,2026-02-27,56.50,56.90,56.20,56.70,5650000,74200000
000002.SZ,2026-03-02,56.70,57.10,56.40,56.90,5680000,74500000
000002.SZ,2026-03-03,56.90,57.30,56.60,57.10,5700000,74800000
000002.SZ,2026-03-04,57.10,57.50,56.80,57.30,5720000,75200000
000002.SZ,2026-03-05,57.30,57.70,57.00,57.50,5750000,75500000
000002.SZ,2026-03-06,57.50,57.90,57.20,57.70,5780000,75800000
000002.SZ,2026-03-09,57.70,58.10,57.40,57.90,5800000,76200000
000002.SZ,2026-03-10,57.90,58.30,57.60,58.10,5820000,76500000
000002.SZ,2026-03-11,58.10,58.50,57.80,58.30,5850000,76800000
000002.SZ,2026-03-12,58.30,58.70,58.00,58.50,5880000,77200000
000002.SZ,2026-03-13,58.50,58.90,58.20,58.70,5900000,77500000
000002.SZ,2026-03-16,58.70,59.10,58.40,58.90,5920000,77800000
000002.SZ,2026-03-17,58.90,59.30,58.60,59.10,5950000,78200000
000002.SZ,2026-03-18,59.10,59.50,58.80,59.30,5980000,78500000
000002.SZ,2026-03-19,59.30,59.70,59.00,59.50,6000000,78800000
000002.SZ,2026-03-20,59.50,59.90,59.20,59.70,6020000,79200000
000002.SZ,2026-03-23,59.70,60.10,59.40,59.90,6050000,79500000
000002.SZ,2026-03-24,59.90,60.30,59.60,60.10,6080000,79800000
000002.SZ,2026-03-25,60.10,60.50,59.80,60.30,6100000,80200000
000002.SZ,2026-03-26,60.30,60.70,60.00,60.50,6120000,80500000
000002.SZ,2026-03-27,60.50,60.90,60.20,60.70,6150000,80800000
000002.SZ,2026-03-30,60.70,61.10,60.40,60.90,6180000,81200000
000002.SZ,2026-03-31,60.90,61.30,60.60,61.10,6200000,81500000
000002.SZ,2026-04-01,61.10,61.50,60.80,61.30,6220000,81800000
000002.SZ,2026-04-02,61.30,61.70,61.00,61.50,6250000,82200000
000002.SZ,2026-04-03,61.50,61.90,61.20,61.70,6280000,82500000
000002.SZ,2026-04-06,61.70,62.10,61.40,61.90,6300000,82800000
000002.SZ,2026-04-07,61.90,62.30,61.60,62.10,6320000,83200000
000002.SZ,2026-04-08,62.10,62.50,61.80,62.30,6350000,83500000
000002.SZ,2026-04-09,62.30,62.70,62.00,62.50,6380000,83800000
000002.SZ,2026-04-10,62.50,62.90,62.20,62.70,6400000,84200000
000002.SZ,2026-04-13,62.70,63.10,62.40,62.90,6420000,84500000
000002.SZ,2026-04-14,62.90,63.30,62.60,63.10,6450000,84800000
000002.SZ,2026-04-15,63.10,63.50,62.80,63.30,6480000,85200000
000002.SZ,2026-04-16,63.30,63.70,63.00,63.50,6500000,85500000
000002.SZ,2026-04-17,63.50,63.90,63.20,63.70,6520000,85800000
000002.SZ,2026-04-20,63.70,64.10,63.40,63.90,6550000,86200000
000002.SZ,2026-04-21,63.90,64.30,63.60,64.10,6580000,86500000
000002.SZ,2026-04-22,64.10,64.50,63.80,64.30,6600000,86800000
000002.SZ,2026-04-23,64.30,64.70,64.00,64.50,6620000,87200000
000002.SZ,2026-04-24,64.50,64.90,64.20,64.70,6650000,87500000
000002.SZ,2026-04-27,64.70,65.10,64.40,64.90,6680000,87800000
000002.SZ,2026-04-28,64.90,65.30,64.60,65.10,6700000,88200000
000002.SZ,2026-04-29,65.10,65.50,64.80,65.30,6720000,88500000
000002.SZ,2026-04-30,65.30,65.70,65.00,65.50,6750000,88800000
000002.SZ,2026-05-04,65.50,65.90,65.20,65.70,6780000,89200000
000002.SZ,2026-05-05,65.70,66.10,65.40,65.90,6800000,89500000
000002.SZ,2026-05-06,65.90,66.30,65.60,66.10,6820000,89800000
000002.SZ,2026-05-07,66.10,66.50,65.80,66.30,6850000,90200000
000002.SZ,2026-05-08,66.30,66.70,66.00,66.50,6880000,90500000
000002.SZ,2026-05-11,66.50,66.90,66.20,66.70,6900000,90800000
000002.SZ,2026-05-12,66.70,67.10,66.40,66.90,6920000,91200000
000002.SZ,2026-05-13,66.90,67.30,66.60,67.10,6950000,91500000
000002.SZ,2026-05-14,67.10,67.50,66.80,67.30,6980000,91800000
000002.SZ,2026-05-15,67.30,67.70,67.00,67.50,7000000,92200000
000002.SZ,2026-05-18,67.50,67.90,67.20,67.70,7020000,92500000
000002.SZ,2026-05-19,67.70,68.10,67.40,67.90,7050000,92800000
000002.SZ,2026-05-20,67.90,68.30,67.60,68.10,7080000,93200000
000002.SZ,2026-05-21,68.10,68.50,67.80,68.30,7100000,93500000
000002.SZ,2026-05-22,68.30,68.70,68.00,68.50,7120000,93800000
000002.SZ,2026-05-25,68.50,68.90,68.20,68.70,7150000,94200000
000002.SZ,2026-05-26,68.70,69.10,68.40,68.90,7180000,94500000
000002.SZ,2026-05-27,68.90,69.30,68.60,69.10,7200000,94800000
000002.SZ,2026-05-28,69.10,69.50,68.80,69.30,7220000,95200000
000002.SZ,2026-05-29,69.30,69.70,69.00,69.50,7250000,95500000
000002.SZ,2026-06-01,69.50,69.90,69.20,69.70,7280000,95800000
000002.SZ,2026-06-02,69.70,70.10,69.40,69.90,7300000,96200000
000002.SZ,2026-06-03,69.90,70.30,69.60,70.10,7320000,96500000
000002.SZ,2026-06-04,70.10,70.50,69.80,70.30,7350000,96800000
000002.SZ,2026-06-05,70.30,70.70,70.00,70.50,7380000,97200000
000002.SZ,2026-06-08,70.50,70.90,70.20,70.70,7400000,97500000
000002.SZ,2026-06-09,70.70,71.10,70.40,70.90,7420000,97800000
000002.SZ,2026-06-10,70.90,71.30,70.60,71.10,7450000,98200000
000002.SZ,2026-06-11,71.10,71.50,70.80,71.30,7480000,98500000
000002.SZ,2026-06-12,71.30,71.70,71.00,71.50,7500000,98800000
000002.SZ,2026-06-15,71.50,71.90,71.20,71.70,7520000,99200000
000002.SZ,2026-06-16,71.70,72.10,71.40,71.90,7550000,99500000
000002.SZ,2026-06-17,71.90,72.30,71.60,72.10,7580000,99800000
000002.SZ,2026-06-18,72.10,72.50,71.80,72.30,7600000,100200000
000002.SZ,2026-06-19,72.30,72.70,72.00,72.50,7620000,100500000
000002.SZ,2026-06-22,72.50,72.90,72.20,72.70,7650000,100800000
000002.SZ,2026-06-23,72.70,73.10,72.40,72.90,7680000,101200000
000002.SZ,2026-06-24,72.90,73.30,72.60,73.10,7700000,101500000
000002.SZ,2026-06-25,73.10,73.50,72.80,73.30,7720000,101800000
000002.SZ,2026-06-26,73.30,73.70,73.00,73.50,7750000,102200000
000002.SZ,2026-06-29,73.50,73.90,73.20,73.70,7780000,102500000
000002.SZ,2026-06-30,73.70,74.10,73.40,73.90,7800000,102800000
000003.SZ,2026-01-04,5.50,5.80,5.30,5.60,500000,3000000
000003.SZ,2026-06-30,5.00,5.00,5.00,5.00,100000,500000
0700.HK,2025-06-30,370.00,380.00,365.00,375.00,5000000,185000000
0700.HK,2025-07-01,375.00,385.00,370.00,380.00,5200000,190000000
0700.HK,2025-07-02,380.00,390.00,375.00,385.00,5100000,188000000
0700.HK,2025-07-03,385.00,395.00,380.00,390.00,5300000,195000000
0700.HK,2025-07-04,390.00,400.00,385.00,395.00,5400000,200000000
0700.HK,2026-06-01,420.00,430.00,410.00,425.00,6000000,240000000
0700.HK,2026-06-05,425.00,435.00,415.00,430.00,5800000,235000000
0700.HK,2026-06-10,430.00,440.00,420.00,435.00,5900000,238000000
0700.HK,2026-06-15,435.00,445.00,425.00,440.00,6100000,245000000
0700.HK,2026-06-20,440.00,450.00,430.00,445.00,6000000,242000000
0700.HK,2026-06-25,445.00,455.00,435.00,450.00,6200000,250000000
0700.HK,2026-06-30,450.00,460.00,440.00,455.00,6100000,248000000
